_____ would be woefully incomplete without _____.,situational
A 55-gallon drum of lube.,sexual
"A bigger, blacker dick.",sexual
A Burmese tiger pit.,situational
A dollop of sour cream.,general
A magic hippie love cloud.,oddly specific
A man in yoga pants with a ponytail and feather earrings.,oddly specific
A piñata full of scorpions.,oddly specific
A sad fat dragon with no friends.,oddly specific
A slightly shittier parallel universe.,expletive
"A soulful rendition of ""Ol' Man River.""",oddly specific
A squadron of moles wearing aviator goggles.,sexual
"A sweaty, panting leather daddy.",sexual
A sweet spaceship.,general
"After months of debate, the Occupy Wall Street General Assembly could only agree on ""More _____!""",political
All of this blood.,macabre
An army of skeletons.,general
An ether-soaked rag.,illegal
An unhinged ferris wheel rolling toward the sea.,oddly specific
Another shot of morphine.,political
Basic human decency.,philosophical
Beefin' over turf.,pop culture
"Before _____, all we had was _____.",general
"Before I run for president, I must destroy all evidence of my involvement with _____.",political
Being awesome at sex.,sexual
Boris the Soviet Love Hammer.,political
Bullshit.,expletive
Catastrophic urethral trauma.,sexual
Charades was ruined for me forever when my mom had to act out _____.,freudian
Daddy's belt.,freudian
Death by Steven Seagal.,pop culture
"Dining with cardboard cutouts of the cast of ""Friends.""",pop culture
Double penetration.,sexual
"During his midlife crisis, my dad got really into _____.",freudian
Everyone down on the ground! We don't want to hurt anyone. We're just here for _____.,situational
Existing.,philosophical
Fetal alcohol syndrome.,macabre
Finding Waldo.,pop culture
Fuck Mountain.,sexual
Getting hilariously gang-banged by the Blue Man Group.,sexual
Grandpa's ashes.,macabre
"Graphic violence, adult language, and some sexual content.",sexual
Hillary Clinton's death stare.,political
"I spent my whole life working toward _____, only to have it ruined by _____.",situational
"I went from _____ to _____, all thanks to _____.",situational
"If God didn't want us to enjoy _____, he wouldn't have given us _____.",situational
"In his newest and most difficult stunt, David Blaine must escape from _____.",pop culture
Intimacy problems.,sexual
Jeff Goldblum.,pop culture
"Little Miss Muffet Sat on a tuffet, Eating her curds and _____.",childhood
Living in a trashcan.,situational
"Loki, the trickster god.",pop culture
Making a friend.,general
Me.,general
Members of New York's social elite are paying thousands of dollars just to experience _____.,situational
Mild autism.,political
Mooing.,situational
"My country, 'tis of thee, sweet land of _____.",political
My first kill.,macabre
My mom freaked out when she looked at my browser history and found _____.com/_____.,freudian
"My new favorite porn star is Joey ""_____"" McGee.",sexual
Next time on Dr. Phil: How to talk to your child about _____.,pop culture
Nunchuck moves.,pop culture
Oncoming traffic.,general
One Ring to rule them all.,pop culture
Only two things in life are certain: death and _____.,macabre
Power.,general
Pretty Pretty Princess Dress-Up Board Game®.,pop culture
Pumping out a baby every nine months.,situational
Rising from the grave.,macabre
Scrotal frostbite.,sexual
Some really fucked-up shit.,expletive
"Special musical guest, Cher.",pop culture
Spring break!,general
Subduing a grizzly bear and making her your wife.,oddly specific
Survivor's guilt.,macabre
Swiftly achieving orgasm.,sexual
Taking a man's eyes and balls out and putting his eyes where his balls go and then his balls in the eye holes.,oddly specific
The corporations.,political
The day the birds attacked.,situational
"The Five Stages of Grief: denial, anger, bargaining, _____, acceptance.",situational
The Google.,pop culture
The grey nutrient broth that sustains Mitt Romney.,political
The healing process began when I joined a support group for victims of _____.,situational
The human body.,general
The mere concept of Applebee's.,situational
The mixing of the races.,situational
The new Radiohead album.,pop culture
"The votes are in, and the new high school mascot is _____.",situational
This is your captain speaking. Fasten your seatbelts and prepare for _____.,situational
"This month's Cosmo: ""Spice up your sex life by bringing _____ into the bedroom.""",sexual
Tiny nipples.,sexual
Tongue.,general
Tonight on 20/20: What you don't know about _____ could kill you.,macabre
Upgrading homeless people to mobile hotspots.,political
Weapons-grade plutonium.,political
Wearing an octopus for a hat.,oddly specific
Whining like a little bitch.,expletive
Whipping a disobedient slave.,sexual
You haven't truly lived until you've experienced _____ and _____ at the same time.,general
_____ ain't nothin' to fuck with.,
_____ gives a whole new meaning to _____.,
_____ good to the last drop.,
"_____ in the front seat; _____ in the back seat; gotta make my mind up, which seat can I take?",
"_____ in the morning, sailors take warning.",
_____ is a classic case of _____.,
_____ is a gateway to _____.,
_____ is a time-saving godsend for busy housewives.,
_____ is best enjoyed on the first date.,
_____ is dead to me.,
_____ is nothing _____ can't fix.,
_____ is now outsourced to call centers in India.,
_____ is the name of my new indie black metal emo jazz post-dubstep funk band.,
_____ is the new black.,
_____ is the root of all evil.,
"_____ isn't about sex, it's about power.",
_____ means never having to say you're sorry.,
_____ R Us.,
"_____, for the win!",
"_____, fun for the whole family!",
_____: The Other White Meat.,
"_____. Because, fuck you, that's why.",
_____. I'd hit that.,
_____. It's everywhere you want to be.,
_____. The Care Bear Stare,
_____. The Final Frontier.,
_____. The Nicolas Cage Story,
_____. The other white meat.,
"""Watson!"" Holmes exclaimed, ""This man was obviously killed by _____!""",
2 things you need to survive on a deserted island,
"9 out of 10 doctors agree, _____ twice a day prevents cancer.",
A fortune teller told me I will live a life filled with _____.,
A hot new alternative medical practice involves placing _____ in _____.,
A little-known fact is that Microsoft Windows was originally slated to be the first operating system to include _____.,
A little-known provision of Obamacare allows _____ access to _____.,
"According to an old Romanian superstition, _____ will happen if you Don't _____ before going to bed.",
"After Billy Mays died, he sold God _____.",
All the cool kids are doing it.,
An international tribunal has found _____ guilty of _____.,
"And on his farm he had _____, e-i-e-i-o!",
"And then little Billy woke up the next morning, he discovered that the tooth fairy had left _____ under his pillow.",
Apple has revealed they now have a patent for _____.,
Ask your doctor if _____ is right for you.,
"Back in my day, _____ only cost a nickel.",
Bang _____ Marry _____ Kill _____.,
Check your privilege. And _____.,
Chili’s special tonight: _____ with a side of _____.,
Choosy moms choose _____.,
"Cirque de Soleil presents MYSTIQUEE, a night of daring acrobatics, whimsy and _____.",
Daddy drinks because of _____.,
Damn it feels good to be _____.,
Danger! _____ ahead!,
"Dear Sir or Madam, We regret to inform you that the Office of _____ has denied your request for _____.",
Disney presents _____ on ice!,
Disney's newest Pixar movie will be about _____.,
Every _____ should be required to get a tattoo of _____.,
"For campaign funding reform to really be effective, there needs to be a specific policy about _____ contributions.",
Fred Phelps and his church have just announced that they plan to start picketing the funerals of _____ as well as gays.,
Genius is 10% inspiration and 90% _____.,
"Give me liberty, or give me _____!",
Go-go Gadget _____!,
Groundbreaking research provides convincing evidence that _____ killed the dinosaurs.,
Happiness is _____.,
"Hey Rocky, watch me pull _____ out of my _____!",
Horton could hear it through the bedroom wall...his mother and _____.,
Horton is always forcing his _____ on other people.,
How did this _____ get into my _____?,
I always call in sick to work when I have a bad case of _____.,
I always think of _____ when I fall asleep.,
I can drive and _____ and _____ at the same time.,
"I can handle public displays of affection, but _____ is really too much.",
I can't get no _____.,
I feel the need—the need for _____.,
"I firmly believe that for the economy to recover, the Department of _____ needs to change its policies on _____.",
I for one welcome our new _____ overlords!,
I got a fever and the only cure is more _____.,
I have decided to commit to a life of studious contemplation on_____.,
I like my women like _____.,
I like to keep _____ as a souvenir of my sexual encounters.,
I live my life according to the teachings of _____.,
I love _____ in my _____.,
I love the smell of _____ in the morning.,
"I met my current significant other at _____,",
"I might be a _____, but at least I'm no _____.",
I really hate _____ at work. So I take care of it with _____.,
I sleep like a baby after bathing in a tub full of _____.,
I want to go to school to study_____.,
I was into _____ before it was cool.,
I will not eat them Sam-I-Am. I will not eat _____.,
I work out so that I can look good when I'm _____.,
I'd rather be _____.,
I'm having trouble finding a college which will allow me to pursue a degree in _____.,
I've got the fever and the only cure is more _____.,
"If a pot of gold is on one end of the rainbow, what is on the other?",
"If I don't enjoy _____, then the terrorists win.",
"If I weren't so busy with _____, I'd be _____.",
If there’s one thing you could change about me it would be _____.,
"In a pinch, _____ can be a suitable substitute for _____.",
"In a surprising turnaround, _____ has publicly come out as supporting President Obama.",
"In an astonishing and ground-breaking decision, the Supreme Court has decided in favor of _____.",
"In L.A. County Jail, word is you can trade 200 cigarettes for_____.",
"In Nintendo's new game, you must fight off wave after wave of _____ in order to save _____.",
In the grim darkness of the future there is only _____.,
"In the new tenth circle of Hell, sinners will be condemned to an eternity of _____.",
"Instead of endorsing Jell-O Pudding Pops, Bill Cosby now endorses _____.",
"Instead of her normal self, Cinderella should have turned into _____ at midnight.",
"Instead of Robin, Batman should have had _____ as a sidekick.",
"Instead of the Jews, Hitler should have worried more about _____.",
Iron Chef: Today's secret ingredient is _____.,
It is often argued that our ancestors would have never evolved without the aid of _____.,
It rubs _____ on its skin or else it gets _____ again.,
"It sucks when you look in the fridge, and all you have to eat is _____.",
It was more uncomfortable than _____ at a _____ convention.,
Jesus is _____.,
"Keep your friends close, but your _____ closer.",
Kitten thinks of nothing but _____ all day.,
Legend of Zelda: The _____ of _____.,
Like a good neighbor _____ is there.,
Loving you is easy 'cause you're _____.,
Michael Bay's new three-hour action epic pits _____ against _____.,
"Mister Owl, how many licks does it take to get to the center of _____?",
Moral at work was boosted when they put_____ in the vending machines.,
"Mr. Owl, how many licks does it take to get to the center of _____?",
"My favorite book is the classic tale of _____, written by _____.",
My favorite childhood memory is_____.,
My favorite TV channel is the one that shows programs about _____.,
My favourite family recipe is _____ and _____ with just a dash of _____.,
My Little Pony: Friendship is _____.,
My mission in life is to create a videogame about _____.,
My other car is a _____.,
New car sticker craze: Calvin pissing on _____.,
"Next on Oprah, teens addicted to _____.",
"Next, on Martha Stewart's Living, spruce up your _____ with _____.",
"Next, on the Twilight Zone: a parallel universe in which every instance of _____ is replaced by _____.",
Nobody puts _____ in a corner.,
Nothing beats cuddling with _____ in bed.,
Nothing feels better than _____ on _____.,
Now witness the firepower of this fully armed and operational _____!,
"On tonight's special report, _____. Fact or fiction?",
One day a man is bitten by _____ and is transformed into _____.,
Only _____ is worse than a heretic.,
Our most powerful weapon on the day of the zombie apocalypse will be _____.,
"Remember, _____ is never funny. Unless it involves _____.",
"Roses are red; Violets are _____; _____ is _____, and so are you.",
Say no to _____.,
"Science has discovered that beyond the edges of the universe, there is only _____.",
Scientists have reverse engineered alien technology that unlocks the secrets of _____.,
Sizzler’s special tonight: _____ with a side of _____.,
"Something you should regret, but secretly don't.",
"Sometimes you feel like _____, sometimes you don't.",
"Sticks and stones may break my bones, but _____ will never hurt me.",
Stop staring at my _____.,
The 1930's is often regarded as the golden age of _____.,
The best Christmas present my grandma ever gave me was_____.,
The best part of waking up is _____ in your cup.,
The best things in life come in _____.,
The Christian Coalition has recently decided that an even worse sin than same-sex marriage is _____.,
The clown made all the children laugh with his balloon animal in the shape of _____.,
"The Himalayas are filled with many perils, such as _____.",
The internet was invented for _____.,
The Japanese government spent billions of yen researching _____.,
The local experimental college is now offering a course on _____ led by _____.,
The new hip trend at craft bars is vodka infused with _____.,
The new Nintendo will be called the _____.,
The new version of Dungeons and Dragons makes _____ a playable race.,
The next ice cream flavor from Ben & Jerry's.,
The next Team Fortress 2 update will include _____.,
The only problem with _____ is that there isn't enough _____ in it.,
The power of love is useless against _____.,
The road to success is paved with _____.,
"The sad truth is, at the edge of the universe, there is nothing but _____.",
"The sound of your life, _____ radio!",
The theme for our senior prom will be _____.,
The world is going to end when _____ falls on the Earth and _____ will be everywhere.,
"There is a time for peace, a time for war, and a time for _____.",
There is nothing worse than seeing _____ in the light of day.,
There's no crying in _____.,
There's no such thing as _____.,
They found _____ in the dumpster behind the abortion clinic.,
This decade will be regarded as the golden age of _____.,
"This Thanksgiving, I'm most thankful for _____.",
"This year's Pulitzer Prize winning novel was chosen for its brilliant _____, as a metaphor for _____.",
Try walking a mile in my _____.,
Two things you need to survive on a deserted island.,
Warning: This product contains trace amounts of _____.,
What 2 things do you need to survive on a deserted island?,
What am I hiding from my parents?,
What am I lying to my friends about?,
What brought the orgy to a screeching halt?,
What did I find in the couch cushions?,
What do I fear my parents will find in my sock drawer?,
What do I like best about my job?,
What do I think about when I'm having trouble getting off?,
What gave me aids?,
What goes best on toast?,
What I wouldn't give for 10 minutes alone with _____,
What in my past led to my current position on gun control laws?,
What is in my zombie apocalypse survival bag?,
What is the moral of the story?,
What is the only way I can achieve orgasm?,
What keeps me up at night?,
What makes Fred Phelps hard?,
What makes me tingle all over?,
What makes the world go round?,
"What melts in your mouth, not in your hand?",
What time is it? _____ time!,
"What was Abraham Lincoln's deep, dark secret?",
What will be an issue in the next presidential election?,
What will be our last chance for salvation when our new robot overlords take over?,
What will be put in the time capsule to preserve humanity's memory?,
What will I bring to the party?,
What's my superpower?,
What's the real reason that I've gathered you all hear today?,
What's the worst that could happen?,
"When a man and a woman love each other very much, suddenly _____.",
"When I get drunk, I feel that I am an expert on _____.",
"When I get married, our vows will include words about _____.",
"When I saw your mom naked, it reminded me of _____",
"When I'm alone and the room is totally dark, I like to secretly _____.",
"When life gives you _____, make _____.",
"When you wake up from a night of heavy drinking, you usually regret _____",
Where do babies come from?,
Who could have guessed that the alien invasion would be easily thwarted by _____.,
Who was my childhood hero?,
Why am I in such a bad mood?,
Why am I like this?,
Why are we wearing tuxedos?,
Why did the _____ have to _____?,
"Why does God pee on us, periodically?",
Why is mom calling?,
Why was my application to work at McDonald's rejected?,
"With the Democrats and Republicans in a dead heat, the election was stolen by the _____ party.",
"Wonder Twin powers, activate! Shape of _____. Form of _____.",
You can never have too many _____ when in East LA.,
You can never have too much _____.,
You know God hates you when _____.,
You’re in good hands with _____.,
Cockfights,
Friendly fire,
Ronald Reagan,
A disappointing birthday party,
A sassy black woman,
Mathletes,
A tiny horse,
William Shatner,
Riding off into the sunset,
An M. Night Shyamalan plot twist,
Jew-fros,
Mutually-assured destruction,
Pedophiles,
Yeast,
Grave robbing,
Eating the last known bison,
Catapults,
Poor people,
Forgetting the Alamo,
The Hustle,
The Force,
Wiping her butt,
Intelligent design,
Loose lips,
AIDS,
Pictures of boobs,
The Übermensch,
Sarah Palin,
American Gladiators,
Getting really high,
Scientology,
Penis envy,
Praying the gay away,
Frolicking,
Two midgets shitting into a bucket,
The KKK,
Genghis Khan,
Crystal meth,
Serfdom,
Stranger danger,
A Bop It,
Shaquille O'Neal's acting career,
Prancing,
Vigilante justice,
Overcompensation,
Pixelated bukkake,
A lifetime of sadness,
Racism,
Dwarf tossing,
Sunshine and rainbows,
A monkey smoking a cigar,
Flash flooding,
Lance Armstrong's missing testicle,
Dry heaving,
The terrorists,
Linsday Lohan at 55,
Attitude,
Breaking out into song and dance,
Leprosy,
Gloryholes,
Nipple blades,
The heart of a child,
Puppies!,
Waking up half-naked in a Denny's parking lot,
Dental dams,
Toni Morrison's vagina,
The taint; the grundle; the fleshy fun-bridge,
Active listening,
Ethnic cleansing,
The Little Engine That Could,
The invisible hand,
Waiting 'til marriage,
Unfathomable stupidity,
Euphoria by Calvin Klein,
Re-gifting,
Autocannibalism,
Erectile dysfunction,
My collection of high-tech sex toys,
The Pope,
White people,
Tentacle porn,
Glenn Beck convulsively vomiting as a brood of crab spiders hatches in his brain and erupts from his tear ducts,
Too much hair gel,
Seppuku,
Same-sex ice dancing,
Cheating in the Special Olympics,
Charisma,
Keanu Reeves,
Sean Penn,
Nickelback,
A look-see,
Pooping back and forth. Forever.,
Menstruation,
Kids with ass cancer,
A salty surprise,
The South,
The violation of our most basic human rights,
YOU MUST CONSTRUCT ADDITIONAL PYLONS,
Date rape,
Being fabulous,
Necrophilia,
Centaurs,
Bill Nye the Science Guy,
Black people,
Chivalry,
Lunchables,
Bitches,
The profoundly handicapped,
Heartwarming orphans,
MechaHitler,
Fiery poops,
Another goddamn vampire movie,
Tangled Slinkys,
The true meaning of Christmas,
Estrogen,
A zesty breakfast burrito,
That thing that electrocutes your abs,
Passing a kidney stone,
A bleached asshole,
Michael Jackson,
Cybernetic enhancements,
Guys who don't call,
Smallpox blankets,
Masturbation,
Classist undertones,
Queefing,
Concealing a boner,
Edible underpants,
Viagra,
Soup that is too hot,
Muhammad (Praise Be Unto Him),
Surprise Butt-Sex!,
Five-Dollar Footlongs,
Drinking alone,
Dick fingers,
Multiple stab wounds,
Soiling oneself,
Child abuse,
Anal beads,
Civilian casualties,
Pulling out,
"Robert Downey, Jr",
Horse meat,
A really cool hat,
Kim Jong-il,
A stray pube,
Jewish fraternities,
The token minority,
Doin' it in the butt,
Feeding Rosie O'Donnell,
Teaching a robot to love,
A can of whoop-ass,
A windmill full of corpses,
Count Chocula,
Wearing underwear inside-out to avoid doing laundry,
A death ray,
The glass ceiling,
A cooler full of organs,
The American Dream,
Keg stands,
When you fart and a little bit comes out,
Take-backsies,
Dead babies,
Foreskin,
Saxophone solos,
Italians,
A fetus,
Firing a rifle into the air while balls deep in a squealing hog,
Dick Cheney,
Amputees,
Eugenics,
My relationship status,
Christopher Walken,
Bees?,
Harry Potter erotica,
College,
Getting drunk on mouthwash,
Nazis,
8 oz of sweet Mexican black-tar heroin,
Stephen Hawking talking dirty,
A Gypsy curse,
A moment of silence,
A sausage festival,
An honest cop with nothing left to lose,
Famine,
Flesh-eating bacteria,
Flying sex snakes,
Not giving a shit about the Third World,
Sexting,
Sniffing glue,
Porn stars,
Raping and pillaging,
72 virgins,
A drive-by shooting,
A time travel paradox,
Authentic Mexican cuisine,
Bling,
Consultants,
Crippling debt,
Daddy issues,
The Donald Trump Seal of Approval,
Dropping a chandelier on your enemies and riding the rope up,
Former President George W. Bush,
Full frontal nudity,
Hormone injections,
Laying an egg,
Getting naked and watching Nickelodeon,
Pretending to care,
Public ridicule,
Sharing needles,
Boogers,
The inevitable heat death of the universe,
The miracle of childbirth,
The Rapture,
Whipping it out,
White privilege,
Wifely duties,
The Hamburglar,
AXE Body Spray,
The Blood of Christ,
Horrifying laser hair removal accidents,
BATMAN!!!,
Agriculture,
A robust mongoloid,
Natural selection,
Coat hanger abortions,
Eating all of the cookies before the AIDS bake-sale,
Michelle Obama's arms,
The World of Warcraft,
Swooping,
Obesity,
A homoerotic volleyball montage,
Lockjaw,
A mating display,
Testicular torsion,
All-you-can-eat shrimp for $4.99,
Domino's Oreo Dessert Pizza,
Kanye West,
Hot cheese,
Raptor attacks,
Taking off your shirt,
Smegma,
Alcoholism,
A middle-aged man on roller skates,
The Care Bear Stare,
Bingeing and purging,
Oversized lollipops,
Self-loathing,
Children on leashes,
Half-assed foreplay,
The Holy Bible,
German dungeon porn,
Being on fire,
Teenage pregnancy,
Gandhi,
Leaving an awkward voicemail,
Uppercuts,
Customer service representatives,
An erection that lasts longer than four hours,
My genitals,
Picking up girls at the abortion clinic,
Science,
Not reciprocating oral sex,
Flightless birds,
A good sniff,
Waterboarding,
A balanced breakfast,
Historically black colleges,
Actually taking candy from a baby,
The Make-A-Wish Foundation,
A clandestine butt scratch,
The Amish,
The Chinese gymnastics team,
Switching to Geico,
Peeing a little bit,
Home video of Oprah sobbing into a Lean Cuisine,
Nocturnal emissions,
The Jews,
My humps,
Powerful thighs,
Winking at old people,
"Mr. Clean, right behind you",
A gentle caress of the inner thigh,
Sexual tension,
The forbidden fruit,
Skeletor,
Fancy Feast,
Being rich,
"Sweet, sweet vengeance",
Republicans,
A gassy antelope,
Natalie Portman,
Copping a feel,
Kamikaze pilots,
Sean Connery,
The homosexual agenda,
The hardworking Mexican,
A falcon with a cap on its head,
Altar boys,
The Kool-Aid Man,
Getting so angry that you pop a boner,
Free samples,
A big hoopla about nothing,
Doing the right thing,
The Three-Fifths compromise,
Lactation,
World peace,
RoboCop,
Chutzpah,
Justin Bieber,
Oompa-Loompas,
Genetically engineered super-soldiers,
Puberty,
Ghosts,
An asymmetric boob job,
Vigorous jazz hands,
Fingering,
Glenn Beck catching his scrotum on a curtain hook,
GoGurt,
Police brutality,
John Wilkes Booth,
Preteens,
Scalping,
Stifling a giggle at the mention of Hutus and Tutsis,
Tweeting,
Darth Vader,
A sad handjob,
Exactly what you'd expect,
Expecting a burp and vomiting on the floor,
Adderall,
Embryonic stem cells,
Tasteful side-boob,
Panda sex,
An icepick lobotomy,
Tom Cruise,
Mouth herpes,
Sperm whales,
Homeless people,
Third base,
Incest,
Pac-Man uncontrollably guzzling cum,
A mime having a stroke,
Hulk Hogan,
God,
Scrubbing under the folds,
Golden showers,
Emotions,
Licking things to claim them as your own,
Pabst Blue Ribbon,
The placenta,
Spontaneous human combustion,
Friends with benefits,
Finger painting,
The hiccups,
Dying of dysentery,
My inner demons,
A Super Soaker full of cat pee,
Aaron Burr,
"Words, words, words",
The chronic,
Dead parents,
Object permanence,
Opposable thumbs,
Racially-biased SAT questions,
Jibber-jabber,
Chainsaws for hands,
Nicolas Cage,
Child beauty pageants,
Explosions,
Shapeshifters,
Glenn Beck being harried by a swarm of buzzards,
Repression,
Roofies,
My vagina,
Assless chaps,
A murder most foul,
Giving 110 percent,
"Her Royal Highness, Queen Elizabeth II",
The Trail of Tears,
Being marginalized,
Goblins,
Hope,
"The Rev. Dr. Martin Luther King, Jr.",
A micro-penis,
My soul,
A hot mess,
Vikings,
Hot people,
Seduction,
An Oedipus complex,
Geese,
Global warming,
New Age music,
Hot Pockets,
Making a pouty face,
Vehicular manslaughter,
Women's suffrage,
A defective condom,
Judge Judy,
African children,
The Virginia Tech Massacre,
Barack Obama,
Asians who aren't good at math,
Elderly Japanese men,
Exchanging pleasantries,
Heteronormativity,
Parting the Red Sea,
Arnold Schwarzenegger,
Road head,
Spectacular abs,
Figgy pudding,
A mopey zoo lion,
A bag of magic beans,
Poor life choices,
My sex life,
Auschwitz,
A snapping turtle biting the tip of your penis,
A thermonuclear detonation,
The clitoris,
The Big Bang,
Land mines,
Friends who eat all the snacks,
Goats eating cans,
The Dance of the Sugar Plum Fairy,
Jerking off into a pool of children's tears,
Man meat,
Me time,
The Underground Railroad,
Poorly-timed Holocaust jokes,
A sea of troubles,
Lumberjack fantasies,
Morgan Freeman's voice,
Women in yogurt commercials,
Natural male enhancement,
Being a motherfucking sorcerer,
Genital piercings,
Passable transvestites,
Sexy pillow fights,
Balls,
Grandma,
Friction,
Party Poopers,
Farting and walking away,
Being a dick to children,
Booby-trapping the house to foil burglars,
The Tempur-Pedic Swedish Sleep System,
Dying,
Hurricane Katrina,
The gays,
The folly of man,
Men,
Passive-aggressive Post-it notes,
Pterodactyl eggs,
Team-building exercises,
A brain tumor,
Cards Against Humanity,
Fear itself,
Lady Gaga,
The milk man,
A foul mouth,
A big black dick,
A beached whale,
A bloody pacifier,
A crappy little hand,
A low standard of living,
A nuanced critique,
Panty raids,
A passionate Latino lover,
A rival dojo,
A web of lies,
A woman scorned,
Clams,
Apologizing,
Appreciative snapping,
Neil Patrick Harris,
Beating your wives,
Being a dinosaur,
Shaft,
Bosnian chicken farmers,
Nubile slave boys,
Carnies,
Coughing into a vagina,
Suicidal thoughts,
Dancing with a broom,
Deflowering the princess,
Dorito breath,
Eating an albino,
Enormous Scandinavian women,
Fabricating statistics,
Finding a skeleton,
Gandalf,
Inappropriate yodeling,
George Clooney's musk,
Getting abducted by Peter Pan,
"Getting in her pants, politely",
Gladiatorial combat,
Good grammar,
Hipsters,
Historical revisionism,
Insatiable bloodlust,
Jafar,
Jean-Claude Van Damme,
Just the tip,
Mad hacky-sack skills,
Leveling up,
Literally eating shit,
Making the penises kiss,
Media coverage,
Medieval Times Dinner and Tournament,
Moral ambiguity,
My machete,
One thousand Slim Jims,
Ominous background music,
Overpowering your father,
Pistol-whipping a hostage,
Quiche,
Quivering jowls,
Revenge fucking,
Ripping into a man's chest and pulling out his still-beating heart,
Ryan Gosling riding in on a white horse,
Santa Claus,
Scrotum tickling,
Sexual humiliation,
Sexy Siamese twins,
Slow motion,
Space muffins,
Statistically validated stereotypes,
Sudden Poop Explosion Disease,
The boners of the elderly,
The economy,
The Fanta girls,
The Gulags,
The harsh light of day,
Old-people smell,
The shambling corpse of Larry King,
The four arms of Vishnu,
Being a busy adult with many important things to do,
Tripping balls,
Cuddling,
Zeus's sexual appetites,
"In an attempt to reach a wider audience, the Royal Ontario Museum has opened an interactive exhibit on _____.",
Air Canada guidelines now prohibit _____ on airplanes.,
"O Canada, we stand on guard for _____.",
Snotsicles.,
Syrupy sex with a maple tree.,
Homo milk.,
Heritage minutes.,
Burning down the White House.,
A Molson muscle.,
Schmirler the Curler.,
The CBC.,
Tim Hortons.,
What's the Canadian government using to inspire rural students to succeed?,
"CTV presents _____, the story of _____.",
If _____ came in two-fours Canada would be more _____?,
Naked News.,
Terry Fox's prosthetic leg.,
Mr. Dressup.,
The Royal Canadian Mounted Police.,
Being Canadian.,
An icy hand job from an Edmonton hooker.,
The Offical Languages Act. La Loi sur les langues officielles.,
Graham Greene playing the same First Nations character on every TV show.,
Quintland.,
"In the next Bob and Doug McKenzie adventure, they have to find _____ to uncover a sinister plot involving _____ and _____.",
In Vancouver it is now legal to _____.,
After unifying the GST and PST the Government can now afford to provide _____ for _____.,
Don Cherry's wardrobe.,
Canada: America's hat.,
The Front de Libération du Québec.,
Stephen Harper.,
The Famous Five.,
Poutine.,
Newfies.,
Killing a Moose with your bare hands.,
Karla Homolka.,
"In its new tourism campaign, Detroit proudly proclaims that it has finally eliminated _____.",
"In L.A. County Jail, word is you can trade 200 cigarettes for _____.",
"In M. Night Shyamalan's new movie, Bruce Willis discovers that _____ had really been _____ all along.",
"In Michael Jackson's final moments, he thought about _____.",
"In Rome, there are whisperings that the Vatican has a secret room devoted to _____.",
"In the distant future, historians will agree that _____ marked the beginning of America's decline.",
"In the new Disney Channel Original Movie, Hannah Montana struggles with _____ for the first time.",
"Instead of coal, Santa now gives the bad children _____.",
It's a pity that kids these days are all getting involved with _____.,
It's a trap!,
Life for American Indians was forever changed when the White Man introduced them to _____.,
Life was difficult for cavemen before _____.,
"Lifetime presents _____, the story of _____.",
Major League Baseball has banned _____ for giving players an unfair advantage.,
Maybe she's born with it. Maybe it's _____.,
MTV's new reality show features eight washed-up celebrities living with _____.,
Next from J.K. Rowling: Harry Potter and the Chamber of _____.,
Next on ESPN2: The World Series of _____.,
Rumor has it that Vladimir Putin's favorite dish is _____ stuffed with _____.,
Science will never explain the origin of _____.,
"Sorry everyone, I just _____.",
Studies show that lab rats navigate mazes 50% faster after being exposed to _____.,
"That's right, I killed _____. How, you ask? _____.",
The CIA now interrogates enemy agents by repeatedly subjecting them to _____.,
The class field trip was completely ruined by _____.,
The socialist governments of Scandinavia have declared that access to _____ is a basic human right.,
The U.S. has begun airdropping _____ to the children of Afghanistan.,
This is the way the world ends \ This is the way the world ends \ Not with a bang but with _____.,
"This season on Man vs. Wild, Bear Grylls must survive in the depths of the Amazon with only _____ and his wits.",
TSA guidelines now prohibit _____ on airplanes.,
War! What is it good for?,
What am I giving up for Lent?,
What are my parents hiding from me?,
What brought the orgy to a grinding halt?,
What did I bring back from Mexico?,
What did the US airdrop to the children of Afghanistan?,
What did Vin Diesel eat for dinner?,
What do old people smell like?,
_____ is a slippery slope that leads to _____.,
_____: Good to the last drop.,
"_____: Kid-tested, mother-approved.",
_____? There's an app for that.,
_____. Betcha can't have just one!,
"_____. High five, bro.",
_____. It's a trap!,
_____. That's how I want to die.,
"A romantic, candlelit dinner would be incomplete without _____.",
"After Hurricane Katrina, Sean Penn brought _____ to the people of New Orleans.",
"After the earthquake, Sean Penn brought _____ to the people of Haiti.",
Alternative medicine is now embracing the curative powers of _____.,
"And I would have gotten away with it, too, if it hadn't been for _____.",
And the Academy Award for _____ goes to _____.,
Anthropologists have recently discovered a primitive tribe that worships _____.,
Betcha can't have just one!,
BILLY MAYS HERE FOR _____!,
"But before I kill you, Mr. Bond, I must show you _____.",
"Coming to Broadway this season, _____: The Musical.",
"Dear Abby, I'm having some trouble with _____ and would like your advice.",
"Due to a PR fiasco, Walmart no longer offers _____.",
"During Picasso's often-overlooked Brown Period, he produced hundreds of paintings of _____.",
"During sex, I like to think about _____.",
"For my next trick, I will pull _____ out of _____.",
He who controls _____ controls the world.,
How am I maintaining my relationship status?,
"I do not know with what weapons World War III will be fought, but World War IV will be fought with _____.",
I drink to forget _____.,
I got 99 problems but _____ ain't one.,
I learned the hard way that you can't cheer up a grieving friend with _____.,
I never truly understood _____ until I encountered _____.,
I wish I hadn't lost the instruction manual for _____.,
"I'm sorry, Professor, but I couldn't complete my homework because of _____.",
"In 1,000 years, when paper money is but a distant memory, _____ will be our currency.",
"In a world ravaged by _____, our only solace is _____.",
"In an attempt to reach a wider audience, the Smithsonian Museum of Natural History has opened an interactive exhibit on _____.",
"In his new self-produced album, Kanye West raps over the sounds of _____.",
"In his new summer comedy, Rob Schneider is _____ trapped in the body of _____.",
What does Dick Cheney prefer?,
What don't you want to find in your Chinese food?,
What ended my last relationship?,
What gets better with age?,
What gives me uncontrollable gas?,
What has been making life difficult at the nudist colony?,
What helps Obama unwind?,
What is Batman's guilty pleasure?,
What never fails to liven up the party?,
What will always get you laid?,
What will I bring back in time to convince people that I am a powerful wizard?,
"What would grandma find disturbing, yet oddly charming?",
What's a girl's best friend?,
What's my anti-drug?,
What's my secret power?,
What's Teach for America using to inspire inner city students to succeed?,
What's that smell?,
What's that sound?,
What's the crustiest?,
What's the gift that keeps on giving?,
What's the most emo?,
What's the new fad diet?,
What's the next Happy Meal toy?,
What's the next superhero/sidekick duo?,
What's there a ton of in heaven?,
"When all else fails, I can always masturbate to _____.",
"When I am a billionaire, I shall erect a 50-foot statue to commemorate _____.",
"When I am President of the United States, I will create the Department of _____.",
"When I pooped, what came out of my butt?",
"When I was tripping on acid, _____ turned into _____.",
"When I'm in prison, I'll have _____ smuggled in.",
"When Pharaoh remained unmoved, Moses called down a Plague of _____.",
"While the United States raced the Soviet Union to the moon, the Mexican government funneled millions of pesos into research on _____.",
White people like _____.,
Who stole the cookies from the cookie jar?,
Why am I sticky?,
Why can't I sleep at night?,
Why do I hurt all over?,
Cum Dumpster,
Cunt,
Cutting his dick off,
David Hasselhoff,
dead puppies,
Defying the laws of physics,
Detroit,
Diarrhea,
Discovering you're the main dish at a cannibal gathering,
Disgruntled Apple fanboys,
Disney-themed weddings,
Donkey Shows,
Down's Syndrome,
Dressing up in blackface,
Dropkicking anti-Semitic lesbians,
Dropping your iPhone into a urinal,
Drunk-texting an ex,
East Indians,
Eating the yellow snow,
Editing Wikipedia to win an argument,
Elderly abuse,
Ellen Degeneres,
Encouraging children to eat lead paint chips,
Encouraging your passenger to moon a bus full of children when you pass it,
Etsy,
Eugenics for fun and profit,
Europeans,
Euthanasia,
Excruciatingly graphic Sonic the Hedgehog fan fiction,
Extremely tight pants,
Faith healing,
Farting into your petticoats and wafting it at Lord Gregory,
Fat American children,
Fellatio,
Feminists with facial hair,
Finding out that your lover is gay,
Finding your roommate passed out wearing a clown costume in a public bathroom,
Finishing off a pint of Ben & Jerry's and knowing you'd have kept eating more if it had been a gallon container,
First world problems,
Fistnig,
Fleshlights,
Forgetting the safe word,
Forwarding your grandmother all your erectile dysfunction pill spam,
Frantically clicking pictures of cats on the internet,
"Fred Phelps being sodomized with a Wookie (Yes, With, Not By)",
Free candy from strangers,
Front butt,
Fuck You,
"Fucking magnets, how do they work?",
Fucking while watching Schindler's List,
"Furries Yeah, Furries",
Gaining 100 pounds after you get married,
Gay cowboys eating pudding,
Gay for pay,
Gay Midget Donkey Porn,
Gay Twilight Porn,
Gay-marrying your prison rapist,
Genital warts,
Gerbils,
"Getting ""unfriended"" on Facebook",
Getting a lapdance from Hilary Clinton,
Getting angry at something just to pass the time,
Getting unfriended by your mom on Facebook,
Getting Your Period For The First Time,
Giant squid,
Gingers,
Girl Scouts on steroids,
Girls Gone Wild,
Girls who souldn't go wild,
Giving over to the dark side,
God Hates You,
Going on a Pop-Tart bender,
Going to black friday sales at 4am,
Hair in the shower drain,
Having a PhD in 'experimenting' with homosexuality,
Having dinner with your ex,
Having sex with a bowl of jello,
Helen Keller,
Helen Keller’s Driving school,
Hello Kitty,
Hello!,
Herpes,
Hillary Clinton's gynecologist,
Hitler’s House of Barbecue,
Hoarders,
homoerotic frat boys,
Hugging your grandma while you have an erection,
Human sacrifice,
Hunting accidents,
Hymen reconstruction surgery,
I love you,
I'm friends with your dad on Facebook,
Illegal immigrants,
Improvised explosive devices,
Indecent exposure,
Indian Food Poops,
Infuriating Incompetence,
Insatiable blood lust,
Insatiable bloodlust,
Ironic facial hair,
Jackass 19 year olds who wear sunglasses at the poker table,
Jacking Off Onto The Wedding Cake And Telling Everyone It's Just Frosting,
Jacking off to Saturday morning cartoons,
Jailbait,
Japanese schoolgirl porn,
Jerry Sandusky’s Security Blanket,
Jerry’s Kids,
Jesus,
Jock Itch,
Joe Biden's recurring wet dream,
Kibbles'n Bits,
Kicking a man while he's Tebowing,
Kicking Puppies,
Kumquats,
Ladies' underwear purchased from a vending machine,
Laughing at orphans,
Lesbian stripper ninjas,
Lolcats,
Losing your virginity to someone you just met at a frat party,
Lying to a girl to get her to put out,
Lying to terminally ill children about their life expectancy,
Lyme Disease,
M-m-m-mocking st-st-st-stutterers,
Making a girl pay on the first date,
Making love to a really sexy sheep,
Male pregnancy,
Man Boobs,
Masturbating With Glue,
Me in a thong,
Mecha-Hitler,
Mel Gibson's sanity,
Metal Gear,
Michigan,
Mistaking a retarded person for someone who's merely deaf,
Misunderstood pedophiles,
Mocking autistic children because they don't have feelings,
Monkeys Fucking,
Mother Theresa's rotting corpse,
Motherfucking Cthulhu,
Muhammed Ali,
Muscles,
Muslims,
My dick in a box,
My hopes and dreams,
NCIS Fanfiction,
Never being able to look your dog in the eyes again,
New England Clam Chowder,
Nicholas Cage's storied career,
Not knowing the difference between trolling and being wrong,
Not using enough lube,
NPR,
Nude wrestling,
Nuns,
Object-sexuals,
Off-duty Nazis just looking for a good time,
Old ladies paying by check,
Old Man Penis,
Old people having loud sex,
Cryogenically frozen testicles,
2 Girls 1 Cup,
50 Shades of Grey,
70's bush,
A 60 year old who is hot in a weird way,
A Bag of Milky Ways,
A bar-mitzvah,
"A beat so fresh, it just might destroy the universe",
A bitch slap,
A bitchy email from your boss,
A black hole,
"A black-and-white episode of ""Gilligan's Island""",
A box full of terrible foreign candy,
A bucket of angry tiger cubs,
A bushy mustache,
"A car trunk full of hot, glistening tripe",
A chainmail bikini,
A cheap motel,
A cheesy discharge,
A cripple fight,
A crippled albino midget,
A crying stripper,
A day care Fight Club,
A dead hooker,
A dildo,
A dude in a thong,
A failed abortion,
A fat ass in spandex,
A foul mouthed Furby,
A freshly waxed handle bar mustache,
A gas station bathroom,
A glass jar with a preserved two-headed fetal pig,
A gold digger,
A grown man crying at a movie,
A Hello Kitty vibrator,
A hilarious failed suicide attempt,
A horse with a boner,
A husband,
"A man pretending to be a woman's ""gay friend"" in order to get at that sweet vadge",
A man shot over a game of dominoes,
A man-sized hamster wheel,
A Maury Povitch paternity test,
A millionaire with a heart of gold,
A molester mustache,
A monolith,
A ninja with diarrhea,
A pack of Mentos and a two-liter bottle of Diet Coke,
A pearl necklace,
A person who is a douche but still hot,
A piñata full of scorpions,
A porn star with daddy issues,
A prosthetic leg,
A racist uncle,
A really ugly baby,
A rubber snake,
A rusty trombone,
A sadistic dentist,
A self-fulfilling prophecy,
A suspiciously convenient plot device,
A televangelist getting caught picking up male prostitutes,
A time machine,
A toddler-sized coffin,
A tramp stamp,
A vintage collection of Kirk-Spock slashfic,
A wet willy,
A wheelchair death race,
A whiny Taylor Swift song about a guy screwing her over,
A wife,
A wisecracking terrorist,
A wizard's sleeve,
A woman scorned,
A woman scorned,
A yeast infection,
Accidentally sexting your mom,
Adult diapers,
Adult friendfinder,
Amputee sex,
An attractive midget,
An awkward boner,
An Explosion of Juices in My Mouth,
An uncomfortably attractive pre-op tranny,
Anal Leakage,
Anal warts,
Anne Frank,
Anyone who puts Baby in a corner,
Asians,
Asians being racist against each other,
Asking her when she's due and finding out she's not pregnant,
Ass-to-mouth,
Assholes,
Assuming all handicapped people are retarded,
Atheists and agnostics,
Attending church,
Autistic Kids,
Autoerotic asphyxiation,
Baby pigs wearing people clothes,
Back hair,
Band geeks,
Barely 18 Chaz Bono,
Bath salts,
Bea Arthur’s Saggy Boobs,
Bears,
Beating Rodney King,
"Because Fuck You, That's Why",
Becoming a Junior High Chess Champion for the sweet hook-ups,
Becoming what you hate,
Bedbugs,
Beef,
Beer Farts,
"Being ""a little pregnant""",
"Being friends with someone who is awful, but frequently picks up the check at dinner",
"Being happy you just made a gay friend so you can use the phrase ""my gay friend""…",
Being Raped By A Moose,
Being turned on by phallic vegetables,
Being uncomfortable realizing you're outnumbered by members of another race,
Belly Button Lint,
Biggest Losers,
Bin Laden,
Binders full of women,
Black Jesus,
Blacking out,
Blood diamonds,
Bloody poop,
Blue Waffle,
Boobs that sag down to her knees,
Botched facelift,
Botulism,
Boy bands,
Breaking into a zoo to steal a monkey,
Breast Cancer,
Breath so bad that your butt is mad at your mouth,
Bunnies,
Burning in hell,
Burning when you pee,
Butt acne,
Butt Hair,
Butter,
Butthurt,
Canned tuna with extra dolphin,
Cards Against Humanity,
Carrot Top's pecs,
Cartoon pussy,
Celebrity beaver shot,
Cellophane underwear,
Charlie Sheen,
Childrens' crutches,
Chimpanzees with anger management issues,
Chris Farley seductively rubbing his nipples,
Chubby Chasers,
Chuck Norris,
Chunks of dead prostitute,
Classic Mickey Mouse porn,
Clubbing baby seals,
Consensual rape,
Cookies and kittens,
Cousin cuddling,
Cracking your knuckles,
Cripple Fight,
Crotchless toddler underwear,
Sticking a fork in an electrical socket,
One trillion dollars,
Oprah's Va-Jay-Jay,
Our homeless veterans,
Paris Hilton,
PCP,
Pedophilia,
Penguin orgy,
Penis implants,
People who smell their own socks,
Performing sex acts learned from Urban Dictionary,
Pirate customer service representatives,
"Pizza, Pot and Porn",
Pooping in the soup,
Popeye's Chicken,
Prison Rape,
Prosti-tots,
Public restrooms,
Puns that aren't funny,
Putting out on the first date,
"Putting the ""fun"" in ""fundamentalism""",
Putting wheel locks on wheelchairs,
Queen Latifah,
Quoting Monty Python,
Randy gerbils totally macking you,
Reading Rainbow,
Realdoll owners,
Reality television,
Realizing too late that there's no toilet paper left,
Reparations for slavery,
Richard simmons in a pink sparkly tanktop,
Riding the short bus,
Robbing a sperm bank,
Rock-Paper-Scissors-Lizard-Spock,
Rodent feces,
Ron Jeremy's penis,
Rotting elk carcasses,
Rusty Trombone,
Salmonella,
Sand in My Vagina,
"Saying ""I disapprove of what you say, but I will defend to the death your right to say it"" when you know you wouldn't",
Seabirds strangled by plastic six-pack rings,
Secondhand adult diapers,
Self-diagnosed Asperger's Syndrome sufferers,
Semen,
Sex with vegetables,
Sexual experimentation in college,
Shaken Baby Syndrome,
Sharting,
Sheep,
Showing up to an orgy for the food,
Sipping artificial popcorn butter,
Slaughtering innocent children,
Slavery,
Slutty nuns,
Smelly hippies,
Smelly Vaginas,
Smurf-on-smurfette action,
Snitching,
Snookis Vagina,
Speaking English instead of American,
Squirrel-on-whale action,
Starting a cult for tax breaks,
Stealing Babies,
Stealing Wheelchairs,
Stepping in gum,
Stepping on a hairball with a bare foot,
Stigmata,
Stormtroopers,
Stunt cock,
Suburban chain restaurants,
Sucking some dicks to not get drafted,
Suicidal Foxconn employees,
Swingers,
Synchronized Sneezing,
Syrup Sex,
Taking a dump in the ball pit at Chuck E Cheese,
Taking body shots off your mom,
Taking fantasy football way too seriously,
Teen Pregnancy,
Telling a nun to eat a dick,
Texas Sleigh Rides,
Thai Lady Boys,
"That ""not-so-fresh"" feeling",
That crazy bitch you work with,
That feeling when you encounter a handicapped person waiting for you to leave the largest stall in a restroom,
That guy who is pretty much a dick but you're still friends with him anyway,
That stuff between your toes,
The 911 Truther movement,
The ancient martial art of Flung Poo,
The Boy Scouts of America,
The cast of Jersey Shore,
The Challenger explosion,
The CIA selling crack in the inner-city,
The Civil War,
The Dick in My Mouth,
The drama club,
The dreams of a child,
The entire Mormon Tabernacle Choir,
The female orgasm,
The harsh day of light,
The Holy Grail,
The Human Centipede,
The Jonestown cult suicides,
The Kardashian sisters,
"The Knights Who Say ""Ni""!",
The lonliest Brony,
The Maury Show,
The orchestra that played as the Titanic went down,
The Red Menace,
The rich pageantry of Macy's Thanksgiving Day Parade,
The Ron Popeil Pocket Fisherman,
The second time I got crabs,
The Spanish Inquisition,
The Tea Party,
The three wise men,
"The two actors who played Darren Stevens in ""Bewitched""",
The wet spot on the bed,
This is a test,
This is what I'm saying!,
Three and a half babies,
"Three Asian strippers, two porn stars, and a suitcase full of blow",
Throwing a virgin into a volcano,
Throwing Poop like a Monkey,
Throwing up in your mouth,
Tickle Me Elmo,
Time travel,
"Toast with the burned image of Our Lord and Savior, Jesus Christ",
Toenail fungus,
Tossing Salad,
Traveling back in time to become your own grandparent,
Triangle Bush,
Trying to be nice while describing a friend's ugly baby,
Tuna noodle casserole,
Twincest,
Ugly Mexican hookers,
Unconditional love,
Underage cosplayers in bondage gear,
Unidentifiable spots on your dick,
Unironic Tebowing,
Vagina dentata,
Victims of lead-based paint,
Vorpal Dildo of Enlightenment +2,
War crimes,
Watching a Twilight movie on purpose,
Wearing extra thin pants for a strip club lap dance,
Wearing the genitals of a defeated enemy around your neck as a trophy,
White Trash,
Wolf-whistling at Girl Scouts,
Women,
Wondering if it was something you did which caused your significant other to become gay,
Wondering if the colorblind have an equally useless superpower,
World Series of Felching,
Yellow snow,
You are a whore,
Your ass hurting from wiping too much,
Your aunt barging into the bathroom when you're pooping,
Your face,
Zombie consultants,
Zyklon B,
